Kích thước,DFS Backtracker (s),Prim (s)
10,0.0006070613861083984,0.0007066726684570312
20,0.0027355670928955076,0.002302694320678711
50,0.008737707138061523,0.0072786808013916016
100,0.03249015808105469,0.029866838455200197
